{
    "materials":[{
        "transparent":false,
        "blending":1,
        "depthWrite":true,
        "DbgName":"Material.006",
        "DbgIndex":0,
        "shading":"phong",
        "colorDiffuse":[0.588532,0.433271,0.00114656],
        "DbgColor":15658734,
        "doubleSided":false,
        "colorEmissive":[0,0,0],
        "colorSpecular":[0.5,0.5,0.5],
        "visible":true,
        "specularCoef":50,
        "wireframe":false,
        "opacity":1,
        "depthTest":true
    },{
        "transparent":false,
        "blending":1,
        "depthWrite":true,
        "DbgName":"Material.004",
        "DbgIndex":1,
        "shading":"phong",
        "colorDiffuse":[0.64,0.396964,0.233435],
        "DbgColor":15597568,
        "doubleSided":false,
        "colorEmissive":[0,0,0],
        "colorSpecular":[0.5,0.5,0.5],
        "visible":true,
        "specularCoef":50,
        "wireframe":false,
        "opacity":1,
        "depthTest":true
    },{
        "transparent":false,
        "blending":1,
        "depthWrite":true,
        "DbgName":"Material.005",
        "DbgIndex":2,
        "shading":"phong",
        "colorDiffuse":[0.0256596,0.0256596,0.0256596],
        "DbgColor":60928,
        "doubleSided":false,
        "colorEmissive":[0,0,0],
        "colorSpecular":[0.5,0.5,0.5],
        "visible":true,
        "specularCoef":50,
        "wireframe":false,
        "opacity":1,
        "depthTest":true
    }],
    "faces":[35,0,45,46,2,0,0,0,0,0,35,23,25,57,56,0,1,1,1,1,35,5,7,48,47,0,2,2,2,2,35,7,9,49,48,0,3,3,3,3,35,9,11,50,49,0,4,4,4,4,35,11,13,51,50,0,5,5,5,5,35,13,15,52,51,0,6,6,6,6,35,15,17,53,52,0,7,7,7,7,35,17,19,54,53,0,8,8,8,8,35,19,21,55,54,0,9,9,9,9,35,21,23,56,55,0,10,10,10,10,35,5,62,63,7,0,11,11,11,11,35,25,27,58,57,0,12,12,12,12,35,23,71,72,25,0,13,13,13,13,35,29,27,73,74,0,14,14,14,14,35,17,15,67,68,0,15,15,15,15,35,28,0,102,93,1,16,16,16,16,34,44,30,31,2,17,17,17,34,31,32,33,2,18,18,18,34,33,34,35,2,19,19,19,34,35,36,37,2,20,20,20,34,37,38,39,2,21,21,21,34,39,40,41,2,22,22,22,34,41,42,43,2,23,23,23,34,43,44,31,2,24,24,24,34,31,33,35,2,25,25,25,34,35,37,39,2,26,26,26,34,39,41,43,2,27,27,27,34,43,31,35,2,28,28,28,34,35,39,43,2,29,29,29,35,18,20,92,103,1,30,30,30,30,35,6,8,98,94,1,31,31,31,31,35,99,43,42,96,2,32,32,32,32,35,14,16,95,104,1,33,33,33,33,35,2,4,100,90,1,34,34,34,34,35,96,42,41,101,2,35,35,35,35,35,101,41,40,92,2,36,36,36,36,35,103,39,38,95,2,37,37,37,37,35,104,37,36,97,2,38,38,38,38,35,91,35,34,98,2,39,39,39,39,35,94,33,32,100,2,40,40,40,40,35,27,29,59,58,0,41,41,41,41,35,3,5,47,46,0,42,42,42,42,35,0,28,59,45,0,43,43,43,43,35,1,3,46,45,0,44,44,44,44,35,93,44,43,99,2,45,45,45,45,35,0,2,90,102,1,46,46,46,46,35,24,57,58,26,0,47,47,47,47,35,97,36,35,91,2,48,48,48,48,35,20,55,56,22,0,49,49,49,49,35,18,54,55,20,0,50,50,50,50,35,16,53,54,18,0,51,51,51,51,35,14,52,53,16,0,52,52,52,52,35,12,51,52,14,0,53,53,53,53,35,10,50,51,12,0,54,54,54,54,35,8,49,50,10,0,55,55,55,55,35,6,48,49,8,0,56,56,56,56,35,4,47,48,6,0,57,57,57,57,35,22,56,57,24,0,58,58,58,58,35,67,66,81,82,0,59,59,59,59,35,13,11,65,66,0,60,60,60,60,35,1,60,61,3,0,61,61,61,61,35,1,29,74,60,0,62,62,62,62,35,19,69,70,21,0,63,63,63,63,35,9,7,63,64,0,64,64,64,64,35,27,25,72,73,0,65,65,65,65,35,5,3,61,62,0,66,66,66,66,35,73,72,87,88,0,67,67,67,67,35,23,21,70,71,0,68,68,68,68,35,19,17,68,69,0,69,69,69,69,35,15,13,66,67,0,70,70,70,70,35,11,9,64,65,0,71,71,71,71,35,66,65,80,81,0,72,72,72,72,35,74,73,88,89,0,73,73,73,73,34,76,75,89,0,74,74,74,34,89,88,87,0,75,75,75,34,87,86,85,0,76,76,76,34,85,84,83,0,77,77,77,34,83,82,81,0,78,78,78,34,81,80,79,0,79,79,79,34,79,78,77,0,80,80,80,34,77,76,89,0,81,81,81,34,89,87,85,0,82,82,82,34,85,83,81,0,83,83,83,34,81,79,77,0,84,84,84,34,77,89,85,0,85,85,85,34,85,81,77,0,86,86,86,35,60,74,89,75,0,87,87,87,87,35,68,67,82,83,0,88,88,88,88,35,61,60,75,76,0,89,89,89,89,35,26,28,93,99,1,90,90,90,90,35,72,71,86,87,0,91,91,91,91,35,62,61,76,77,0,92,92,92,92,35,69,68,83,84,0,93,93,93,93,35,63,62,77,78,0,94,94,94,94,35,70,69,84,85,0,95,95,95,95,35,64,63,78,79,0,96,96,96,96,35,71,70,85,86,0,97,97,97,97,35,65,64,79,80,0,98,98,98,98,35,10,12,97,91,1,99,99,99,99,35,102,90,31,30,2,100,100,100,100,35,2,46,47,4,0,101,101,101,101,35,100,32,31,90,2,102,102,102,102,35,59,29,1,45,0,103,103,103,103,35,98,34,33,94,2,104,104,104,104,35,4,6,94,100,1,105,105,105,105,35,102,30,44,93,2,106,106,106,106,35,8,10,91,98,1,107,107,107,107,35,12,14,104,97,1,108,108,108,108,35,24,26,99,96,1,109,109,109,109,35,16,18,103,95,1,110,110,110,110,35,20,22,101,92,1,111,111,111,111,35,22,24,96,101,1,112,112,112,112,35,104,95,38,37,2,113,113,113,113,35,103,92,40,39,2,114,114,114,114,35,26,58,59,28,0,115,115,115,115],
    "vertices":[0.958226,0.486384,-0.650235,0.0897663,1.65105,1.54221,0.98915,0.482943,-0.636158,0.12069,1.64761,1.55629,1.0137,0.467424,-0.61819,0.145239,1.63209,1.57426,1.02763,0.442511,-0.599438,0.159167,1.60718,1.59301,1.02853,0.412511,-0.583145,0.160066,1.57718,1.6093,1.01624,0.38261,-0.572128,0.147782,1.54728,1.62032,0.992898,0.357981,-0.568291,0.124438,1.52265,1.62416,0.96253,0.34288,-0.572299,0.0940697,1.50755,1.62015,0.930389,0.33992,-0.583458,0.0619291,1.50459,1.60899,0.902033,0.349612,-0.599838,0.0335733,1.51428,1.59261,0.882365,0.370279,-0.618608,0.0139053,1.53495,1.57384,0.874786,0.39835,-0.636522,0.00632572,1.56302,1.55593,0.880605,0.428969,-0.650482,0.0121452,1.59363,1.54197,0.898817,0.456843,-0.658075,0.0303576,1.62151,1.53437,0.926274,0.477152,-0.657988,0.0578137,1.64182,1.53446,1.05756,0.273228,-0.879791,1.05806,0.273172,-0.879562,1.05846,0.272919,-0.879269,1.05869,0.272512,-0.878963,1.0587,0.272023,-0.878698,1.0585,0.271536,-0.878518,1.05812,0.271134,-0.878455,1.05763,0.270888,-0.878521,1.0571,0.27084,-0.878703,1.05664,0.270998,-0.87897,1.05632,0.271335,-0.879276,1.0562,0.271793,-0.879568,1.05629,0.272292,-0.879795,1.05659,0.272746,-0.879919,1.05704,0.273077,-0.879918,0.95639,0.488847,-0.645598,0.987314,0.485406,-0.631521,1.01186,0.469887,-0.613553,1.02579,0.444974,-0.594802,1.02669,0.414974,-0.578509,1.01441,0.385074,-0.567491,0.991061,0.360444,-0.563655,0.960693,0.345343,-0.567662,0.928552,0.342383,-0.578821,0.900197,0.352075,-0.595201,0.880529,0.372742,-0.613971,0.872949,0.400813,-0.631885,0.878769,0.431432,-0.645845,0.896981,0.459306,-0.653438,0.924437,0.479615,-0.653351,0.0816337,1.6345,1.57003,0.102112,1.63223,1.57935,0.118368,1.62195,1.59125,0.127591,1.60545,1.60367,0.128187,1.58558,1.61446,0.120052,1.56578,1.62175,0.104593,1.54947,1.62429,0.0844834,1.53948,1.62164,0.0631998,1.53751,1.61425,0.0444224,1.54393,1.6034,0.0313982,1.55762,1.59097,0.026379,1.57621,1.57911,0.0302327,1.59648,1.56986,0.042293,1.61494,1.56484,0.0604745,1.62839,1.56489,0.0735512,1.60856,1.60019,0.0800339,1.60784,1.60314,0.0851801,1.60459,1.60691,0.0880999,1.59937,1.61084,0.0882885,1.59308,1.61425,0.0857133,1.58681,1.61656,0.0808195,1.58164,1.61737,0.0744534,1.57848,1.61653,0.0677156,1.57786,1.61419,0.0617713,1.57989,1.61076,0.0576482,1.58422,1.60682,0.0560593,1.59011,1.60307,0.0572792,1.59653,1.60014,0.0610972,1.60237,1.59855,0.0668529,1.60663,1.59857,1.02277,0.380603,-0.754906,1.03686,0.328421,-0.721605,0.967232,0.322008,-0.745779,0.990068,0.377591,-0.766259,1.04278,0.359575,-0.735809,0.992209,0.306218,-0.727497,0.966317,0.352532,-0.762356,1.02472,0.315612,-0.71961,1.04325,0.343972,-0.727335,0.975789,0.367028,-0.766305,1.03554,0.372532,-0.745561,0.96329,0.336607,-0.755095,1.00669,0.382392,-0.762227,0.977461,0.311259,-0.736017,1.00892,0.307758,-0.721694],