{
    "materials":[{
        "DbgIndex":0,
        "DbgName":"Material.006",
        "shading":"phong",
        "visible":true,
        "depthTest":true,
        "specularCoef":50,
        "transparent":false,
        "colorSpecular":[0.5,0.5,0.5],
        "colorDiffuse":[0.588532,0.433271,0.00114656],
        "DbgColor":15658734,
        "blending":1,
        "doubleSided":false,
        "wireframe":false,
        "colorEmissive":[0,0,0],
        "opacity":1,
        "depthWrite":true
    },{
        "DbgIndex":1,
        "DbgName":"Material.004",
        "shading":"phong",
        "visible":true,
        "depthTest":true,
        "specularCoef":50,
        "transparent":false,
        "colorSpecular":[0.5,0.5,0.5],
        "colorDiffuse":[0.64,0.396964,0.233435],
        "DbgColor":15597568,
        "blending":1,
        "doubleSided":false,
        "wireframe":false,
        "colorEmissive":[0,0,0],
        "opacity":1,
        "depthWrite":true
    },{
        "DbgIndex":2,
        "DbgName":"Material.005",
        "shading":"phong",
        "visible":true,
        "depthTest":true,
        "specularCoef":50,
        "transparent":false,
        "colorSpecular":[0.5,0.5,0.5],
        "colorDiffuse":[0.0256596,0.0256596,0.0256596],
        "DbgColor":60928,
        "blending":1,
        "doubleSided":false,
        "wireframe":false,
        "colorEmissive":[0,0,0],
        "opacity":1,
        "depthWrite":true
    }],
    "uvs":[],
    "faces":[35,0,45,46,2,0,0,0,0,0,35,23,25,57,56,0,1,1,1,1,35,5,7,48,47,0,2,2,2,2,35,7,9,49,48,0,3,3,3,3,35,9,11,50,49,0,4,4,4,4,35,11,13,51,50,0,5,5,5,5,35,13,15,52,51,0,6,6,6,6,35,15,17,53,52,0,7,7,7,7,35,17,19,54,53,0,8,8,8,8,35,19,21,55,54,0,9,9,9,9,35,21,23,56,55,0,10,10,10,10,35,5,62,63,7,0,11,11,11,11,35,25,27,58,57,0,12,12,12,12,35,23,71,72,25,0,13,13,13,13,35,29,27,73,74,0,14,14,14,14,35,17,15,67,68,0,15,15,15,15,35,28,0,102,93,1,16,16,16,16,34,44,30,31,2,17,17,17,34,31,32,33,2,18,18,18,34,33,34,35,2,19,19,19,34,35,36,37,2,20,20,20,34,37,38,39,2,21,21,21,34,39,40,41,2,22,22,22,34,41,42,43,2,23,23,23,34,43,44,31,2,24,24,24,34,31,33,35,2,25,25,25,34,35,37,39,2,26,26,26,34,39,41,43,2,27,27,27,34,43,31,35,2,28,28,28,34,35,39,43,2,29,29,29,35,18,20,92,103,1,30,30,30,30,35,6,8,98,94,1,31,31,31,31,35,99,43,42,96,2,32,32,32,32,35,14,16,95,104,1,33,33,33,33,35,2,4,100,90,1,34,34,34,34,35,96,42,41,101,2,35,35,35,35,35,101,41,40,92,2,36,36,36,36,35,103,39,38,95,2,37,37,37,37,35,104,37,36,97,2,38,38,38,38,35,91,35,34,98,2,39,39,39,39,35,94,33,32,100,2,40,40,40,40,35,27,29,59,58,0,41,41,41,41,35,3,5,47,46,0,42,42,42,42,35,0,28,59,45,0,43,43,43,43,35,1,3,46,45,0,44,44,44,44,35,93,44,43,99,2,45,45,45,45,35,0,2,90,102,1,46,46,46,46,35,24,57,58,26,0,47,47,47,47,35,97,36,35,91,2,48,48,48,48,35,20,55,56,22,0,49,49,49,49,35,18,54,55,20,0,50,50,50,50,35,16,53,54,18,0,51,51,51,51,35,14,52,53,16,0,52,52,52,52,35,12,51,52,14,0,53,53,53,53,35,10,50,51,12,0,54,54,54,54,35,8,49,50,10,0,55,55,55,55,35,6,48,49,8,0,56,56,56,56,35,4,47,48,6,0,57,57,57,57,35,22,56,57,24,0,58,58,58,58,35,67,66,81,82,0,59,59,59,59,35,13,11,65,66,0,60,60,60,60,35,1,60,61,3,0,61,61,61,61,35,1,29,74,60,0,62,62,62,62,35,19,69,70,21,0,63,63,63,63,35,9,7,63,64,0,64,64,64,64,35,27,25,72,73,0,65,65,65,65,35,5,3,61,62,0,66,66,66,66,35,73,72,87,88,0,67,67,67,67,35,23,21,70,71,0,68,68,68,68,35,19,17,68,69,0,69,69,69,69,35,15,13,66,67,0,70,70,70,70,35,11,9,64,65,0,71,71,71,71,35,66,65,80,81,0,72,72,72,72,35,74,73,88,89,0,73,73,73,73,34,76,75,89,0,74,74,74,34,89,88,87,0,75,75,75,34,87,86,85,0,76,76,76,34,85,84,83,0,77,77,77,34,83,82,81,0,78,78,78,34,81,80,79,0,79,79,79,34,79,78,77,0,80,80,80,34,77,76,89,0,81,81,81,34,89,87,85,0,82,82,82,34,85,83,81,0,83,83,83,34,81,79,77,0,84,84,84,34,77,89,85,0,85,85,85,34,85,81,77,0,86,86,86,35,60,74,89,75,0,87,87,87,87,35,68,67,82,83,0,88,88,88,88,35,61,60,75,76,0,89,89,89,89,35,26,28,93,99,1,90,90,90,90,35,72,71,86,87,0,91,91,91,91,35,62,61,76,77,0,92,92,92,92,35,69,68,83,84,0,93,93,93,93,35,63,62,77,78,0,94,94,94,94,35,70,69,84,85,0,95,95,95,95,35,64,63,78,79,0,96,96,96,96,35,71,70,85,86,0,97,97,97,97,35,65,64,79,80,0,98,98,98,98,35,10,12,97,91,1,99,99,99,99,35,102,90,31,30,2,100,100,100,100,35,2,46,47,4,0,101,101,101,101,35,100,32,31,90,2,102,102,102,102,35,59,29,1,45,0,103,103,103,103,35,98,34,33,94,2,104,104,104,104,35,4,6,94,100,1,105,105,105,105,35,102,30,44,93,2,106,106,106,106,35,8,10,91,98,1,107,107,107,107,35,12,14,104,97,1,108,108,108,108,35,24,26,99,96,1,109,109,109,109,35,16,18,103,95,1,110,110,110,110,35,20,22,101,92,1,111,111,111,111,35,22,24,96,101,1,112,112,112,112,35,104,95,38,37,2,113,113,113,113,35,103,92,40,39,2,114,114,114,114,35,26,58,59,28,0,115,115,115,115],
    "vertices":[0.278483,-16.5411,-2.13012,-0.421134,16.5505,-1.93209,0.703948,-16.5325,-2.06994,0.00433049,16.5591,-1.87191,1.06818,-16.5262,-1.84188,0.368561,16.5654,-1.64384,1.3082,-16.5232,-1.48537,0.60858,16.5684,-1.28733,1.3825,-16.5242,-1.06206,0.682884,16.5674,-0.864021,1.27824,-16.5289,-0.645136,0.578626,16.5627,-0.447098,1.01345,-16.5365,-0.306693,0.313833,16.5551,-0.108656,0.633908,-16.5458,-0.105251,-0.0657092,16.5459,0.0927864,0.205243,-16.555,-0.0756406,-0.494375,16.5366,0.122397,-0.198426,-16.5626,-0.222982,-0.898044,16.529,-0.0249438,-0.5073,-16.5674,-0.521797,-1.20692,16.5242,-0.323759,-0.667972,-16.5684,-0.920419,-1.36759,16.5232,-0.722381,-0.652661,-16.5655,-1.34992,-1.35228,16.5261,-1.15188,-0.464014,-16.5592,-1.73604,-1.16363,16.5324,-1.538,-0.13465,-16.5506,-2.01202,-0.834268,16.541,-1.81398,0.433378,-20.5536,-1.13981,0.440314,-20.5535,-1.13883,0.446252,-20.5534,-1.13511,0.450165,-20.5533,-1.1293,0.451376,-20.5533,-1.1224,0.449676,-20.5534,-1.1156,0.445359,-20.5535,-1.11009,0.439172,-20.5537,-1.1068,0.432184,-20.5538,-1.10632,0.425603,-20.554,-1.10872,0.420567,-20.554,-1.11359,0.417948,-20.5541,-1.12009,0.418198,-20.554,-1.12709,0.421273,-20.5539,-1.13339,0.426643,-20.5538,-1.13789,0.277004,-16.4712,-2.1297,0.702469,-16.4625,-2.06952,1.0667,-16.4562,-1.84146,1.30672,-16.4533,-1.48495,1.38102,-16.4542,-1.06164,1.27676,-16.4589,-0.644717,1.01197,-16.4665,-0.306275,0.632429,-16.4758,-0.104832,0.203763,-16.485,-0.0752218,-0.199906,-16.4927,-0.222563,-0.50878,-16.4974,-0.521378,-0.669452,-16.4984,-0.92,-0.654141,-16.4955,-1.3495,-0.465494,-16.4892,-1.73562,-0.13613,-16.4806,-2.0116,-0.401974,16.7822,-1.58239,-0.120229,16.7879,-1.54253,0.120966,16.7921,-1.39151,0.279907,16.7941,-1.15543,0.329111,16.7934,-0.875109,0.260071,16.7903,-0.599022,0.0847245,16.7853,-0.374904,-0.16661,16.7792,-0.241508,-0.450474,16.7731,-0.2219,-0.717785,16.768,-0.31947,-0.922322,16.7648,-0.517346,-1.02872,16.7642,-0.781315,-1.01858,16.7661,-1.06573,-0.893658,16.7703,-1.32142,-0.675552,16.776,-1.50417,-0.374036,16.9855,-1.11451,-0.284845,16.9873,-1.10189,-0.20849,16.9886,-1.05408,-0.158174,16.9893,-0.979348,-0.142597,16.9891,-0.890607,-0.164453,16.9881,-0.803206,-0.219962,16.9865,-0.732257,-0.299527,16.9845,-0.690028,-0.38939,16.9826,-0.683821,-0.474013,16.981,-0.714709,-0.538763,16.98,-0.77735,-0.572445,16.9798,-0.860915,-0.569236,16.9804,-0.950953,-0.529689,16.9817,-1.0319,-0.460643,16.9835,-1.08975,0.57533,-18.4942,-1.61569,0.874015,-18.4923,-0.87466,-0.0546262,-18.5123,-0.810513,0.139185,-18.5036,-1.58556,0.889593,-18.4894,-1.31166,0.315959,-18.5059,-0.578473,-0.130227,-18.5114,-1.24121,0.736299,-18.4963,-0.69864,0.928238,-18.4899,-1.0915,-0.0321138,-18.5081,-1.44203,0.764763,-18.4909,-1.49707,-0.13819,-18.5129,-1.01783,0.354051,-18.4987,-1.64699,0.106016,-18.5099,-0.655103,0.538903,-18.5011,-0.593873],
    "metadata":{
        "materials":3,
        "uvs":0,
        "faces":116,
        "normals":116,
        "generator":"io_three",
        "type":"Geometry",
        "vertices":105,
        "version":3
    },